{
	"credit": "Made with Blockbench",
	"textures": {
		"2": "item/netherite_sword_modelful",
		"3": "item/netherite_sword_modelful2",
		"particle": "item/netherite_sword"
	},
	"elements": [
		{
			"from": [9, 2, 7.5],
			"to": [10, 4, 8.5],
			"rotation": {"angle": 0, "axis": "y", "origin": [8, 0, 7.5]},
			"faces": {
				"north": {"uv": [4.5, 6, 5, 7], "texture": "#2"},
				"east": {"uv": [4.5, 6, 5, 7], "texture": "#2"},
				"south": {"uv": [4.5, 6, 5, 7], "texture": "#2"},
				"up": {"uv": [4.5, 6, 5, 6.5], "texture": "#2"},
				"down": {"uv": [4.5, 6.5, 5, 7], "texture": "#2"}
			}
		},
		{
			"from": [3, 2, 7.5],
			"to": [4, 5, 8.5],
			"rotation": {"angle": 0, "axis": "y", "origin": [2, 1, 7.5]},
			"faces": {
				"north": {"uv": [1.5, 5.5, 2, 7], "texture": "#2"},
				"east": {"uv": [1.5, 5.5, 2, 7], "texture": "#2"},
				"south": {"uv": [1.5, 5.5, 2, 7], "texture": "#2"},
				"west": {"uv": [1.5, 5.5, 2, 7], "texture": "#2"},
				"up": {"uv": [1.5, 5.5, 2, 6], "texture": "#2"},
				"down": {"uv": [1.5, 6.5, 2, 7], "texture": "#2"}
			}
		},
		{
			"from": [4, 3, 7.5],
			"to": [5, 9, 8.5],
			"rotation": {"angle": 0, "axis": "y", "origin": [3, 3, 7.5]},
			"faces": {
				"north": {"uv": [2, 3.5, 2.5, 6.5], "texture": "#2"},
				"east": {"uv": [2, 3.5, 2.5, 6.5], "texture": "#2"},
				"south": {"uv": [2, 3.5, 2.5, 6.5], "texture": "#2"},
				"west": {"uv": [2, 3.5, 2.5, 6.5], "texture": "#2"},
				"up": {"uv": [2, 3.5, 2.5, 4], "texture": "#2"},
				"down": {"uv": [2, 6, 2.5, 6.5], "texture": "#2"}
			}
		},
		{
			"from": [2, 8, 7.5],
			"to": [3, 10, 8.5],
			"rotation": {"angle": 0, "axis": "y", "origin": [1, 6, 7.5]},
			"faces": {
				"north": {"uv": [1, 3, 1.5, 4], "texture": "#2"},
				"south": {"uv": [1, 3, 1.5, 4], "texture": "#2"},
				"west": {"uv": [1, 3, 1.5, 4], "texture": "#2"},
				"up": {"uv": [1, 3, 1.5, 3.5], "texture": "#2"},
				"down": {"uv": [1, 3, 1.5, 3.5], "texture": "#2"}
			}
		},
		{
			"from": [8, 2, 7.5],
			"to": [9, 5, 8.5],
			"rotation": {"angle": 0, "axis": "y", "origin": [7, 1, 7.5]},
			"faces": {
				"north": {"uv": [4, 5.5, 4.5, 7], "texture": "#2"},
				"east": {"uv": [4, 5.5, 4.5, 7], "texture": "#2"},
				"south": {"uv": [4, 5.5, 4.5, 7], "texture": "#2"},
				"west": {"uv": [4, 5.5, 4.5, 7], "texture": "#2"},
				"up": {"uv": [4, 5.5, 4.5, 6], "texture": "#2"},
				"down": {"uv": [4, 6.5, 4.5, 7], "texture": "#2"}
			}
		},
		{
			"from": [6, 3, 7.5],
			"to": [7, 7, 8.5],
			"rotation": {"angle": 0, "axis": "y", "origin": [5, 3, 7.5]},
			"faces": {
				"north": {"uv": [3, 4.5, 3.5, 6.5], "texture": "#2"},
				"south": {"uv": [3, 4.5, 3.5, 6.5], "texture": "#2"},
				"west": {"uv": [3, 4.5, 3.5, 6.5], "texture": "#2"},
				"down": {"uv": [3, 6, 3.5, 6.5], "texture": "#2"}
			}
		},
		{
			"from": [2, 0, 7.5],
			"to": [3, 4, 8.5],
			"rotation": {"angle": 0, "axis": "y", "origin": [1, 0, 7.5]},
			"faces": {
				"north": {"uv": [1, 6, 1.5, 8], "texture": "#2"},
				"east": {"uv": [1, 6, 1.5, 8], "texture": "#2"},
				"south": {"uv": [1, 6, 1.5, 8], "texture": "#2"},
				"west": {"uv": [1, 6, 1.5, 8], "texture": "#2"},
				"up": {"uv": [1, 6, 1.5, 6.5], "texture": "#2"},
				"down": {"uv": [1, 7.5, 1.5, 8], "texture": "#2"}
			}
		},
		{
			"from": [3, 6, 7.5],
			"to": [4, 10, 8.5],
			"rotation": {"angle": 0, "axis": "y", "origin": [2, 6, 7.5]},
			"faces": {
				"north": {"uv": [1.5, 3, 2, 5], "texture": "#2"},
				"east": {"uv": [1.5, 3, 2, 5], "texture": "#2"},
				"south": {"uv": [1.5, 3, 2, 5], "texture": "#2"},
				"west": {"uv": [1.5, 3, 2, 5], "texture": "#2"},
				"up": {"uv": [1.5, 3, 2, 3.5], "texture": "#2"},
				"down": {"uv": [1.5, 4.5, 2, 5], "texture": "#2"}
			}
		},
		{
			"from": [0, 0, 7.5],
			"to": [2, 3, 8.5],
			"rotation": {"angle": 0, "axis": "y", "origin": [0, 0, 7.5]},
			"faces": {
				"north": {"uv": [1, 6.5, 0, 8], "texture": "#2"},
				"south": {"uv": [0, 6.5, 1, 8], "texture": "#2"},
				"west": {"uv": [0, 6.5, 0.5, 8], "texture": "#2"},
				"up": {"uv": [0, 6.5, 1, 7], "texture": "#2"},
				"down": {"uv": [0, 7.5, 1, 8], "texture": "#2"}
			}
		},
		{
			"from": [7, 3, 7.5],
			"to": [8, 6, 8.5],
			"rotation": {"angle": 0, "axis": "y", "origin": [6, 2, 7.5]},
			"faces": {
				"north": {"uv": [3.5, 5, 4, 6.5], "texture": "#2"},
				"south": {"uv": [3.5, 5, 4, 6.5], "texture": "#2"},
				"down": {"uv": [3.5, 6, 4, 6.5], "texture": "#2"}
			}
		},
		{
			"from": [5, 4, 7.5],
			"to": [6, 8, 8.5],
			"rotation": {"angle": 0, "axis": "y", "origin": [4, 4, 7.5]},
			"faces": {
				"north": {"uv": [2.5, 4, 3, 6], "texture": "#2"},
				"south": {"uv": [2.5, 4, 3, 6], "texture": "#2"},
				"down": {"uv": [2.5, 5.5, 3, 6], "texture": "#2"}
			}
		},
		{
			"from": [5.5, 5.5, 7.506],
			"to": [15.5, 15.5, 8.494],
			"rotation": {"angle": 0, "axis": "y", "origin": [-0.5, -0.5, 7.5]},
			"faces": {
				"north": {"uv": [16, 6, 6, 16], "texture": "#2"},
				"south": {"uv": [6, 6, 16, 16], "texture": "#2"}
			}
		},
		{
			"from": [5, 5.17157, 7.505],
			"to": [16.31371, 6.58579, 8.495],
			"rotation": {"angle": 45, "axis": "z", "origin": [5, 8, 9.5]},
			"faces": {
				"north": {"uv": [4, 8, 3, 16], "rotation": 270, "texture": "#2"},
				"south": {"uv": [3, 8, 4, 16], "rotation": 90, "texture": "#2"}
			}
		},
		{
			"from": [9, 9, 7.504],
			"to": [11, 10, 8.496],
			"rotation": {"angle": 0, "axis": "y", "origin": [3, 3, 15.4]},
			"faces": {
				"north": {"uv": [13.5, 3, 12.5, 3.5], "texture": "#2"},
				"south": {"uv": [12.5, 3, 13.5, 3.5], "texture": "#2"}
			}
		},
		{
			"from": [10, 4.775, 7.503],
			"to": [11, 10.41421, 8.497],
			"rotation": {"angle": -45, "axis": "z", "origin": [10, 9, 18.5]},
			"faces": {
				"north": {"uv": [4.5, 8.5, 5, 9], "texture": "#2"},
				"south": {"uv": [4.5, 8.5, 5, 9], "texture": "#2"}
			}
		},
		{
			"from": [11, 9, 7.502],
			"to": [12, 10, 8.498],
			"rotation": {"angle": 0, "axis": "y", "origin": [11, 9, 20.5]},
			"faces": {
				"north": {"uv": [4.5, 9.5, 5, 10], "texture": "#2"},
				"south": {"uv": [4.5, 9.5, 5, 10], "texture": "#2"}
			}
		},
		{
			"from": [5, 3.75736, 7.501],
			"to": [16.318, 8, 8.499],
			"rotation": {"angle": 45, "axis": "z", "origin": [5, 8, 22.5]},
			"faces": {
				"north": {"uv": [3, 16, 0, 8], "rotation": 270, "texture": "#2"},
				"south": {"uv": [0, 8, 3, 16], "rotation": 90, "texture": "#2"},
				"up": {"uv": [0, 8, 0.5, 16], "rotation": 90, "texture": "#2"},
				"down": {"uv": [2.5, 8, 3, 16], "rotation": 90, "texture": "#2"}
			}
		},
		{
			"from": [12, 12, 7.5],
			"to": [16, 16, 8.5],
			"rotation": {"angle": 0, "axis": "y", "origin": [6, 6, 15.4]},
			"faces": {
				"north": {"uv": [16, 0, 14, 2], "texture": "#2"},
				"east": {"uv": [7.5, 0, 8, 2], "texture": "#2"},
				"south": {"uv": [14, 0, 16, 2], "texture": "#2"},
				"up": {"uv": [14, 0, 16, 0.5], "texture": "#2"}
			}
		},
		{
			"from": [15, 15, 7.499],
			"to": [16, 16, 8.501],
			"rotation": {"angle": 0, "axis": "y", "origin": [15, 15, 7.5]},
			"faces": {
				"north": {"uv": [16, 0, 0, 16], "texture": "#3"},
				"south": {"uv": [0, 0, 16, 16], "texture": "#3"}
			}
		}
	],
	"gui_light": "front",
	"display": {
		"thirdperson_righthand": {
			"rotation": [0, -90, 55],
			"translation": [0, 4, 0.5],
			"scale": [0.85, 0.85, 0.85]
		},
		"thirdperson_lefthand": {
			"rotation": [0, 90, -55],
			"translation": [0, 4, 0.5],
			"scale": [0.85, 0.85, 0.85]
		},
		"firstperson_righthand": {
			"rotation": [0, -90, 25],
			"translation": [1.13, 3.2, 1.13],
			"scale": [0.68, 0.68, 0.68]
		},
		"firstperson_lefthand": {
			"rotation": [0, 90, -25],
			"translation": [1.13, 3.2, 1.13],
			"scale": [0.68, 0.68, 0.68]
		},
		"ground": {
			"translation": [0, 2, 0],
			"scale": [0.5, 0.5, 0.5]
		},
		"head": {
			"rotation": [0, 0, -135],
			"translation": [0, 10, 0]
		}
	},
	"groups": [
		{
			"name": "group",
			"origin": [8, 8, 8],
			"color": 0,
			"children": [0, 1, 2, 3, 4, 5, 6, 7, 8, 9, 10]
		},
		11,
		12,
		13,
		14,
		15,
		16,
		17,
		18
	]
}